Date,AAPL,ARKG,ARKK,ARKQ,ARKW,BLDP,BLNK,BYDDY,CLLS,CRSP,CRWD,CURLF,DOGEF,FCEL,FUBO,FVRR,GBTC,GTBIF,JMIA,LAZR,LMND,NET,NNDM,NTLA,OROCF,PLTR,PLUG,QS,RIOT,SAGE,SAIL,SNOW,SQ,TSLA,VLDR
2020-06-01,80.17935943603516,47.40999984741211,64.80000305175781,45.70000076293945,76.91000366210938,11.699999809265137,1.7699999809265137,11.966859817504883,18.690000534057617,66.58999633789062,94.83999633789062,5.769999980926514,118.5,2.25,11.25,68.56999969482422,11.279999732971191,10.369999885559082,4.929999828338623,10.34000015258789,,30.049999237060547,2.4800000190734863,20.920000076293945,1.649999976158142,,4.28000020980835,,2.2699999809265137,35.22999954223633,23.100000381469727,,82.72000122070312,179.6199951171875,10.279999732971191
2020-06-02,80.55054473876953,48.11000061035156,65.5999984741211,45.970001220703125,77.48999786376953,11.369999885559082,1.7799999713897705,12.476301193237305,19.040000915527344,68.36000061035156,92.25,5.659999847412109,117.0,2.299999952316284,10.600000381469727,69.61000061035156,11.414999961853027,10.399999618530273,5.03000020980835,10.333000183105469,,30.200000762939453,3.0799999237060547,20.260000228881836,1.7100000381469727,,4.150000095367432,,2.509999990463257,34.79999923706055,23.239999771118164,,88.0,176.31199645996094,10.390000343322754
2020-06-03,80.99398040771484,46.900001525878906,65.87000274658203,46.779998779296875,78.08999633789062,11.470000267028809,1.8899999856948853,12.4962797164917,17.729999542236328,64.94999694824219,98.0999984741211,5.734000205993652,119.0999984741211,2.4200000762939453,10.100000381469727,70.37000274658203,11.34000015258789,10.472000122070312,5.650000095367432,10.350000381469727,,29.3799991607666,2.75,22.329999923706055,1.75,,4.170000076293945,,2.4100000858306885,36.0,23.219999313354492,,91.97000122070312,176.5919952392578,10.390000343322754
2020-06-04,80.29644775390625,45.15999984741211,63.95000076293945,46.0099983215332,76.55000305175781,11.949999809265137,2.1649999618530273,12.566202163696289,17.030000686645508,63.66999816894531,95.9800033569336,5.735000133514404,119.0999984741211,2.5399999618530273,10.989999771118164,67.2699966430664,11.729999542236328,10.25,5.949999809265137,10.350000381469727,,28.469999313354492,2.630000114440918,20.639999389648438,1.8300000429153442,,5.0,,2.630000114440918,35.16999816894531,22.3799991607666,,87.72000122070312,172.87600708007812,10.40999984741211
2020-06-05,82.5833740234375,44.875,64.25,46.83000183105469,77.52999877929688,12.100000381469727,2.200000047683716,13.215489387512207,16.3700008392334,62.2599983215332,93.93000030517578,5.829999923706055,118.87000274658203,2.619999885559082,11.350000381469727,63.88999938964844,11.255000114440918,10.279999732971191,6.769999980926514,10.329999923706055,,29.139999389648438,2.609999895095825,20.350000381469727,1.9500000476837158,,4.880000114440918,,2.5999999046325684,36.209999084472656,22.520000457763672,,89.93000030517578,177.1320037841797,10.350000381469727
2020-06-08,83.07164001464844,44.869998931884766,65.37000274658203,47.380001068115234,79.26000213623047,12.520000457763672,2.200000047683716,13.565105438232422,16.950000762939453,60.529998779296875,95.43000030517578,5.980000019073486,113.5,2.7100000381469727,12.25,60.09000015258789,11.579999923706055,10.270000457763672,6.769999980926514,10.350000381469727,,29.170000076293945,2.619999885559082,20.0,1.909999966621399,,5.28000020980835,,2.569999933242798,37.939998626708984,23.920000076293945,,89.62000274658203,189.98399353027344,10.380000114440918
2020-06-09,85.69487762451172,45.308998107910156,65.61000061035156,47.45000076293945,79.36000061035156,12.420000076293945,2.069999933242798,13.415270805358887,16.920000076293945,63.2599983215332,93.9000015258789,5.800000190734863,112.75,2.609999895095825,12.100000381469727,60.220001220703125,11.529999732971191,10.170000076293945,6.480000019073486,10.350000381469727,,28.719999313354492,2.5999999046325684,20.229999542236328,1.899999976158142,,5.099999904632568,,2.619999885559082,36.470001220703125,23.639999389648438,,89.52999877929688,188.13400268554688,10.369999885559082
2020-06-10,87.89958953857422,45.86000061035156,66.51000213623047,47.84000015258789,80.87000274658203,14.579999923706055,2.3499999046325684,13.575095176696777,16.899999618530273,63.029998779296875,97.22000122070312,5.860000133514404,117.41000366210938,3.369999885559082,12.0,61.189998626708984,12.295000076293945,10.0600004196167,6.159999847412109,10.5,,29.399999618530273,2.5299999713897705,20.610000610351562,1.8799999952316284,,5.659999847412109,,3.0999999046325684,36.04999923706055,24.18000030517578,,91.91000366210938,205.00999450683594,10.430000305175781
2020-06-11,83.67949676513672,42.599998474121094,61.56999969482422,44.470001220703125,76.12000274658203,12.029999732971191,2.2899999618530273,13.375314712524414,15.779999732971191,59.70000076293945,95.04000091552734,5.349999904632568,112.80000305175781,2.549999952316284,11.0,60.29999923706055,10.800000190734863,9.100000381469727,5.329999923706055,10.449999809265137,,28.5,2.359999895095825,19.049999237060547,1.6699999570846558,,4.75,,2.180000066757202,34.70000076293945,22.239999771118164,,86.08999633789062,194.5679931640625,10.420000076293945
2020-06-12,84.40194702148438,43.54999923706055,62.41999816894531,44.869998931884766,76.77999877929688,13.390000343322754,2.25,13.165544509887695,16.010000228881836,59.88999938964844,93.12000274658203,5.489999771118164,114.6500015258789,2.7300000190734863,11.979999542236328,60.08000183105469,10.880000114440918,9.170000076293945,5.5,10.600000381469727,,28.81999969482422,2.309999942779541,19.34000015258789,1.6699999570846558,,5.059999942779541,,2.2899999618530273,36.209999084472656,23.25,,86.72000122070312,187.05599975585938,11.09000015258789
2020-06-15,85.44575500488281,45.810001373291016,64.63999938964844,45.66999816894531,79.19999694824219,13.880000114440918,2.369999885559082,13.884754180908203,16.34000015258789,62.45000076293945,99.0199966430664,5.499000072479248,114.6500015258789,2.5399999618530273,11.899999618530273,63.970001220703125,10.890000343322754,9.949999809265137,5.730000019073486,10.600000381469727,,30.979999542236328,2.359999895095825,20.270000457763672,1.5700000524520874,,5.210000038146973,,2.309999942779541,37.29999923706055,24.190000534057617,,91.0,198.17999267578125,11.300000190734863
2020-06-16,87.71025848388672,46.45000076293945,66.69000244140625,46.70000076293945,81.2300033569336,14.210000038146973,2.4100000858306885,13.824820518493652,16.440000534057617,66.2699966430664,101.04000091552734,5.484000205993652,112.38800048828125,2.5899999141693115,11.050000190734863,63.529998779296875,10.904999732971191,9.979999542236328,5.769999980926514,10.600000381469727,,31.649999618530273,2.4200000762939453,21.100000381469727,1.6799999475479126,,5.449999809265137,,2.3499999046325684,38.22999954223633,24.280000686645508,,94.73999786376953,196.42599487304688,11.550000190734863
2020-06-17,87.58819580078125,46.59000015258789,66.5,46.279998779296875,81.9800033569336,13.649999618530273,2.4200000762939453,14.114502906799316,16.31999969482422,66.33000183105469,98.69000244140625,5.539000034332275,113.80000305175781,2.359999895095825,12.0,62.310001373291016,10.699999809265137,10.050000190734863,5.639999866485596,10.710000038146973,,35.79999923706055,2.25,20.799999237060547,1.6799999475479126,,5.289999961853027,,2.2699999809265137,38.099998474121094,25.0,,97.02999877929688,198.35800170898438,13.59000015258789
2020-06-18,87.62307739257812,47.189998626708984,67.62999725341797,46.16999816894531,83.47000122070312,14.0,2.390000104904175,14.823723793029785,15.729999542236328,67.33999633789062,101.61000061035156,5.885000228881836,112.01000213623047,2.2799999713897705,11.34000015258789,68.29000091552734,10.579999923706055,10.199999809265137,5.760000228881836,10.680000305175781,,36.72999954223633,2.190000057220459,20.719999313354492,1.649999976158142,,5.389999866485596,,2.190000057220459,40.130001068115234,25.290000915527344,,98.2699966430664,200.79200744628906,14.75
2020-06-19,87.1223373413086,47.959999084472656,68.02999877929688,45.869998931884766,83.79000091552734,13.4399995803833,2.509999990463257,15.133383750915527,17.440000534057617,69.08000183105469,101.08000183105469,5.849999904632568,115.30000305175781,2.200000047683716,10.75,66.75,10.3100004196167,10.140000343322754,5.920000076293945,10.649999618530273,,36.0,2.309999942779541,21.170000076293945,1.6200000047683716,,5.480000019073486,,2.109999895095825,40.43000030517578,24.75,,97.9800033569336,200.17999267578125,13.0600004196167
2020-06-22,89.40178680419922,51.220001220703125,71.29000091552734,46.529998779296875,85.30000305175781,13.720000267028809,2.890000104904175,15.313186645507812,18.510000228881836,72.0199966430664,105.0199966430664,5.900000095367432,117.0,2.1700000762939453,10.0,71.37000274658203,10.5649995803833,10.3100004196167,5.639999866485596,10.626999855041504,,37.0,2.240000009536743,22.8700008392334,1.6399999856948853,,5.570000171661377,,2.509999990463257,42.08000183105469,25.350000381469727,,104.22000122070312,198.86399841308594,12.40999984741211
2020-06-23,91.31005096435547,53.08000183105469,72.4000015258789,46.58000183105469,85.6500015258789,14.15999984741211,2.6600000858306885,15.522955894470215,18.809999465942383,75.37000274658203,104.2699966430664,6.0,119.57499694824219,2.240000009536743,10.0,69.0199966430664,10.944999694824219,10.430000305175781,6.5,10.720000267028809,,35.400001525878906,2.309999942779541,22.3799991607666,1.6699999570846558,,6.429999828338623,,2.5999999046325684,43.150001525878906,25.90999984741211,,104.75,200.3560028076172,11.84000015258789
2020-06-24,89.6982421875,51.310001373291016,69.30000305175781,45.310001373291016,83.02999877929688,13.649999618530273,2.549999952316284,15.482999801635742,18.290000915527344,73.08999633789062,103.69999694824219,5.730000019073486,115.27799987792969,2.359999895095825,11.600000381469727,69.37999725341797,10.199999809265137,10.119000434875488,5.619999885559082,10.720000267028809,,35.0,2.25,21.59000015258789,1.6699999570846558,,7.570000171661377,,2.369999885559082,41.619998931884766,25.65999984741211,,100.87999725341797,192.1699981689453,11.100000381469727
2020-06-25,90.8890380859375,52.45000076293945,70.58000183105469,46.220001220703125,84.4000015258789,14.069999694824219,2.7200000286102295,15.399999618530273,18.540000915527344,76.05000305175781,105.70999908447266,5.909999847412109,115.73500061035156,2.2200000286102295,11.350000381469727,74.01000213623047,10.140000343322754,10.119999885559082,5.489999771118164,10.640000343322754,,36.0,2.200000047683716,21.489999771118164,1.6399999856948853,,7.349999904632568,,2.3299999237060547,42.29999923706055,26.770000457763672,,104.77999877929688,197.1959991455078,11.579999923706055
2020-06-26,88.09640502929688,50.52000045776367,68.97000122070312,45.2599983215332,82.94000244140625,13.649999618530273,3.0199999809265137,15.199999809265137,18.100000381469727,74.04000091552734,98.79000091552734,5.880000114440918,115.30000305175781,2.0899999141693115,11.149999618530273,72.44000244140625,9.699999809265137,10.029999732971191,5.210000038146973,10.569999694824219,,35.529998779296875,2.0999999046325684,20.510000228881836,1.5800000429153442,,6.829999923706055,,2.200000047683716,41.83000183105469,26.579999923706055,,104.30000305175781,191.947998046875,15.0
2020-06-29,90.1267318725586,51.0,69.36000061035156,46.060001373291016,82.8499984741211,15.529999732971191,4.010000228881836,15.260000228881836,17.940000534057617,75.05000305175781,98.0999984741211,5.9120001792907715,116.95999908447266,2.3399999141693115,10.489999771118164,70.58999633789062,9.489999771118164,9.670000076293945,5.260000228881836,10.600000381469727,,35.11000061035156,2.119999885559082,20.420000076293945,1.590000033378601,,7.989999771118164,,2.140000104904175,41.77000045776367,26.34000015258789,,103.68000030517578,201.8699951171875,16.729999542236328
2020-06-30,90.87906646728516,52.15999984741211,71.30999755859375,47.310001373291016,84.8499984741211,15.399999618530273,5.679999828338623,15.350000381469727,17.799999237060547,73.48999786376953,100.29000091552734,6.099999904632568,116.4800033569336,2.259999990463257,10.449999809265137,73.81999969482422,9.604999542236328,9.998000144958496,5.489999771118164,10.6899995803833,,35.95000076293945,2.200000047683716,21.020000457763672,1.5800000429153442,,8.210000038146973,,2.2200000286102295,41.58000183105469,26.469999313354492,,104.94000244140625,215.96200561523438,
2020-07-01,90.7071762084961,53.189998626708984,73.5,47.470001220703125,87.83999633789062,16.110000610351562,4.840000152587891,15.520000457763672,18.059999465942383,78.5,102.94999694824219,6.159999847412109,117.1500015258789,2.2799999713897705,10.649999618530273,75.19999694824219,9.760000228881836,10.1899995803833,5.179999828338623,10.600000381469727,,36.93000030517578,2.119999885559082,22.0,1.6699999570846558,,8.869999885559082,,2.3399999141693115,43.349998474121094,28.40999984741211,,115.9000015258789,223.92599487304688,
2020-07-02,90.7071762084961,54.060001373291016,74.94000244140625,48.54999923706055,88.94000244140625,17.360000610351562,5.28000020980835,15.460000038146973,18.649999618530273,79.69999694824219,107.2699966430664,5.916999816894531,118.0,2.5199999809265137,10.0,76.5,9.369999885559082,10.0,5.329999923706055,10.859999656677246,69.41000366210938,36.470001220703125,2.119999885559082,22.299999237060547,1.6200000047683716,,9.100000381469727,,2.2899999618530273,43.0099983215332,27.81999969482422,,113.38999938964844,241.73199462890625,
2020-07-06,93.13361358642578,55.099998474121094,77.75,50.209999084472656,92.29000091552734,19.93000030517578,8.399999618530273,18.75,19.049999237060547,84.11000061035156,106.38999938964844,5.849999904632568,120.44999694824219,2.869999885559082,9.168000221252441,78.3499984741211,9.9399995803833,10.029999732971191,5.610000133514404,10.800000190734863,81.19000244140625,38.34000015258789,2.1500000953674316,22.489999771118164,1.75,,9.979999542236328,,2.380000114440918,41.959999084472656,27.549999237060547,,118.97000122070312,274.3160095214844,
2020-07-07,92.84463500976562,56.150001525878906,78.83999633789062,49.52000045776367,92.7699966430664,19.540000915527344,7.09499979019165,18.350000381469727,16.31999969482422,91.41000366210938,106.41999816894531,5.78000020980835,120.44999694824219,2.8299999237060547,8.6899995803833,82.47000122070312,9.753999710083008,10.100000381469727,5.769999980926514,10.779999732971191,78.79000091552734,37.90999984741211,2.0299999713897705,24.030000686645508,1.7999999523162842,,9.34000015258789,,2.2899999618530273,41.959999084472656,28.059999465942383,,125.5999984741211,277.97198486328125,
2020-07-08,95.00699615478516,57.630001068115234,80.72000122070312,50.040000915527344,95.79000091552734,20.059999465942383,7.550000190734863,19.100000381469727,17.649999618530273,94.16999816894531,114.55000305175781,5.71999979019165,128.0679931640625,2.9600000381469727,10.510000228881836,82.54000091552734,10.329999923706055,10.317999839782715,7.880000114440918,10.75,68.51000213623047,38.400001525878906,1.940000057220459,24.93000030517578,1.8300000429153442,,9.5,,2.5399999618530273,44.400001525878906,28.6299991607666,,133.35000610351562,273.1759948730469,
2020-07-09,95.41555786132812,57.459999084472656,81.08000183105469,50.2599983215332,96.6500015258789,20.760000228881836,7.5,19.030000686645508,17.389999389648438,94.0199966430664,117.45999908447266,5.860000133514404,129.6999969482422,3.0399999618530273,10.699999809265137,85.45999908447266,9.869999885559082,10.295000076293945,8.039999961853027,10.899999618530273,77.01000213623047,39.72999954223633,1.8799999952316284,24.56999969482422,1.7799999713897705,,8.949999809265137,,2.359999895095825,44.150001525878906,28.6299991607666,,129.38999938964844,278.8559875488281,
2020-07-10,95.58246612548828,55.720001220703125,80.88999938964844,51.16999816894531,97.36000061035156,20.5,7.079999923706055,19.8799991607666,16.920000076293945,89.47000122070312,116.6500015258789,6.510000228881836,130.33599853515625,3.069999933242798,10.329999923706055,84.55999755859375,9.75,11.289999961853027,7.489999771118164,11.0,84.66000366210938,40.08000183105469,1.9299999475479126,23.809999465942383,1.7799999713897705,,9.300000190734863,,2.3299999237060547,42.91999816894531,28.719999313354492,,128.0500030517578,308.92999267578125,
2020-07-13,95.14152526855469,54.529998779296875,78.13999938964844,50.5099983215332,93.23999786376953,18.219999313354492,5.989999771118164,22.610000610351562,16.520000457763672,86.2300033569336,106.20999908447266,7.25,130.16000366210938,2.809999942779541,10.449999809265137,79.37000274658203,9.600000381469727,11.317000389099121,7.400000095367432,10.8100004196167,78.5,36.75,1.8300000429153442,21.450000762939453,1.8200000524520874,,8.3100004196167,,2.180000066757202,41.130001068115234,28.09000015258789,,118.6500015258789,299.4119873046875,
2020-07-14,96.7159652709961,55.779998779296875,78.81999969482422,50.880001068115234,93.5999984741211,19.3799991607666,5.880000114440918,20.739999771118164,16.549999237060547,90.91000366210938,105.61000061035156,7.179999828338623,131.5,2.880000114440918,10.050000190734863,82.62000274658203,9.734999656677246,11.539999961853027,7.599999904632568,10.859999656677246,76.13999938964844,36.75,1.7100000381469727,22.280000686645508,1.809999942779541,,8.649999618530273,,2.25,43.650001525878906,28.889999389648438,,121.23999786376953,303.3599853515625,
2020-07-15,97.38111114501953,57.57500076293945,80.93000030517578,51.91999816894531,94.66999816894531,20.68000030517578,5.760000228881836,20.18000030517578,17.770000457763672,93.31999969482422,103.1500015258789,7.28000020980835,134.83999633789062,3.0,10.0,82.55000305175781,9.470000267028809,11.5,7.679999828338623,10.880000114440918,74.16999816894531,36.119998931884766,1.8200000524520874,22.610000610351562,1.850000023841858,,9.039999961853027,,2.259999990463257,45.25,29.6299991607666,,122.19999694824219,309.2019958496094,
2020-07-16,96.18284606933594,56.04999923706055,79.76000213623047,51.5099983215332,93.66999816894531,19.239999771118164,5.929999828338623,18.0,16.809999465942383,91.31999969482422,101.05999755859375,7.119999885559082,135.8159942626953,3.069999933242798,10.010000228881836,80.58999633789062,9.3100004196167,11.28499984741211,7.78000020980835,10.949999809265137,79.29000091552734,35.099998474121094,1.9900000095367432,21.440000534057617,1.840000033378601,,9.0600004196167,,2.2200000286102295,43.84000015258789,30.09000015258789,,119.94999694824219,300.12799072265625,
2020-07-17,95.98853302001953,57.13999938964844,80.66999816894531,52.27000045776367,94.33999633789062,19.520000457763672,6.460000038146973,18.0,17.06999969482422,92.3499984741211,101.43000030517578,6.989999771118164,135.69000244140625,2.9100000858306885,10.149999618530273,80.19000244140625,9.539999961853027,11.149999618530273,7.630000114440918,11.100000381469727,85.88999938964844,37.02000045776367,2.1500000953674316,21.600000381469727,1.899999976158142,,8.989999771118164,,2.2300000190734863,43.63999938964844,30.34000015258789,,120.7300033569336,300.1679992675781,
2020-07-20,98.01139068603516,58.61000061035156,84.02999877929688,54.099998474121094,98.94000244140625,18.989999771118164,6.320000171661377,20.350000381469727,17.93000030517578,95.30000305175781,106.72000122070312,7.019999980926514,133.92999267578125,2.819999933242798,9.880000114440918,87.54000091552734,9.420000076293945,11.529999732971191,9.329999923706055,10.989999771118164,84.23999786376953,38.369998931884766,2.2300000190734863,22.229999542236328,2.0299999713897705,,8.600000381469727,,2.259999990463257,44.869998931884766,30.969999313354492,,128.38999938964844,328.6000061035156,
2020-07-21,96.65866088867188,57.08000183105469,82.5199966430664,53.720001220703125,98.04000091552734,18.700000762939453,6.099999904632568,20.079999923706055,17.18000030517578,93.55000305175781,106.5999984741211,7.400000095367432,133.92999267578125,2.75,9.949999809265137,84.6500015258789,9.869999885559082,12.197999954223633,8.949999809265137,11.020000457763672,80.8499984741211,38.18000030517578,2.2200000286102295,20.959999084472656,2.2300000190734863,,9.079999923706055,,2.299999952316284,45.7400016784668,31.010000228881836,,126.98999786376953,313.6719970703125,
2020-07-22,96.9301986694336,57.02000045776367,82.52999877929688,53.88999938964844,97.93000030517578,18.100000381469727,6.960000038146973,19.239999771118164,17.190000534057617,92.97000122070312,103.70999908447266,7.179999828338623,141.4040069580078,2.809999942779541,10.0,85.93000030517578,10.079999923706055,12.449999809265137,10.359999656677246,11.069999694824219,78.5,38.040000915527344,2.4000000953674316,20.25,2.190000057220459,,8.949999809265137,,2.3399999141693115,47.349998474121094,31.170000076293945,,129.17999267578125,318.46600341796875,
2020-07-23,92.5182876586914,55.27000045776367,80.47000122070312,53.279998779296875,95.48999786376953,16.3700008392334,7.090000152587891,20.139999389648438,16.75,90.80000305175781,101.45999908447266,7.304999828338623,143.80999755859375,2.640000104904175,10.0,81.79000091552734,10.489999771118164,12.300000190734863,8.949999809265137,10.899999618530273,82.16000366210938,36.43000030517578,2.259999990463257,19.649999618530273,2.2200000286102295,,8.529999732971191,,2.2899999618530273,46.91999816894531,31.649999618530273,,122.93000030517578,302.614013671875,
2020-07-24,92.28909301757812,53.779998779296875,78.83000183105469,52.349998474121094,93.9000015258789,15.8100004196167,6.730000019073486,18.799999237060547,16.420000076293945,90.3499984741211,100.02999877929688,7.455999851226807,142.25,2.5199999809265137,9.850000381469727,80.69000244140625,10.380000114440918,12.187999725341797,9.489999771118164,11.039999961853027,77.97000122070312,35.720001220703125,2.4000000953674316,19.149999618530273,2.200000047683716,,8.520000457763672,,2.2200000286102295,47.279998779296875,30.559999465942383,,121.41000366210938,283.3999938964844,
2020-07-27,94.47636413574219,56.310001373291016,81.97000122070312,54.099998474121094,96.75,15.4399995803833,7.059999942779541,18.690000534057617,17.190000534057617,92.12000274658203,103.5999984741211,8.022000312805176,143.1199951171875,2.4600000381469727,9.800000190734863,85.33999633789062,12.149999618530273,12.819999694824219,9.779999732971191,11.050000190734863,73.0,37.36000061035156,2.2699999809265137,20.030000686645508,2.2699999809265137,,8.350000381469727,,2.640000104904175,48.2599983215332,31.25,,125.75,307.9200134277344,
2020-07-28,92.92435455322266,54.04999923706055,79.3499984741211,53.02000045776367,95.12999725341797,15.029999732971191,7.260000228881836,18.889999389648438,16.56999969482422,86.4000015258789,105.7300033569336,8.600000381469727,143.75,2.4100000858306885,9.5,88.54000091552734,12.529999732971191,13.279999732971191,10.1899995803833,10.960000038146973,66.43000030517578,37.650001525878906,2.2300000190734863,19.049999237060547,2.299999952316284,,8.0600004196167,,2.7699999809265137,46.150001525878906,30.889999389648438,,123.51000213623047,295.2980041503906,
2020-07-29,94.70555877685547,53.720001220703125,80.06999969482422,53.7599983215332,97.18000030517578,14.880000114440918,9.619999885559082,19.489999771118164,16.18000030517578,85.52999877929688,112.91999816894531,8.199999809265137,143.75,2.299999952316284,9.850000381469727,91.38999938964844,12.350000381469727,13.635000228881836,11.369999885559082,10.800000190734863,69.05000305175781,38.70000076293945,2.2899999618530273,18.350000381469727,2.2200000286102295,,8.1899995803833,,2.75,46.09000015258789,31.479999542236328,,128.5500030517578,299.8219909667969,
2020-07-30,95.85151672363281,54.66999816894531,80.4000015258789,53.10499954223633,97.91000366210938,14.550000190734863,12.489999771118164,18.729999542236328,16.110000610351562,86.36000061035156,111.91000366210938,8.220000267028809,143.32000732421875,2.2899999618530273,9.430000305175781,91.56999969482422,12.225000381469727,13.454999923706055,12.670000076293945,10.609999656677246,65.0999984741211,41.130001068115234,2.3499999046325684,18.709999084472656,2.130000114440918,,7.96999979019165,,2.549999952316284,45.95000076293945,31.360000610351562,,129.1300048828125,297.49798583984375,
2020-07-31,105.8860855102539,53.70000076293945,80.37000274658203,52.779998779296875,99.48999786376953,14.220000267028809,11.050000190734863,18.889999389648438,15.699999809265137,85.45999908447266,113.19999694824219,8.4350004196167,142.66000366210938,2.2300000190734863,10.0,93.43000030517578,12.8149995803833,13.413000106811523,15.5600004196167,10.430000305175781,58.18000030517578,41.619998931884766,2.2899999618530273,17.809999465942383,2.1500000953674316,,7.710000038146973,,2.640000104904175,45.56999969482422,31.5,,129.85000610351562,286.1520080566406,
2020-08-03,108.55415344238281,56.81999969482422,83.68000030517578,53.79999923706055,101.58000183105469,15.319999694824219,10.539999961853027,19.299999237060547,17.489999771118164,92.5,115.4800033569336,8.979999542236328,142.66000366210938,2.549999952316284,9.949999809265137,102.16999816894531,13.34000015258789,13.927000045776367,21.0,10.449999809265137,56.86000061035156,42.5099983215332,2.3499999046325684,19.25,2.130000114440918,,9.15999984741211,,3.5,46.41999816894531,31.600000381469727,,134.8000030517578,297.0,
2020-08-04,109.27909851074219,57.43000030517578,84.19999694824219,54.040000915527344,101.7300033569336,15.020000457763672,11.390000343322754,20.079999923706055,17.260000228881836,94.56999969482422,114.95999908447266,9.039999961853027,142.2100067138672,2.5399999618530273,9.850000381469727,104.22000122070312,13.199999809265137,13.880000114440918,16.280000686645508,10.399999618530273,61.13999938964844,42.310001373291016,2.559999942779541,19.59000015258789,2.140000104904175,,9.130000114440918,,3.4000000953674316,49.790000915527344,31.239999771118164,,136.8300018310547,297.3999938964844,
2020-08-05,109.6751937866211,58.08000183105469,85.61000061035156,54.95000076293945,103.44000244140625,15.15999984741211,12.600000381469727,20.15999984741211,17.780000686645508,94.51000213623047,114.75,8.963000297546387,142.2100067138672,2.559999942779541,9.699999809265137,122.87000274658203,13.84000015258789,13.84000015258789,17.0,10.59000015258789,64.4800033569336,42.4900016784668,2.4600000381469727,19.649999618530273,2.2799999713897705,,9.329999923706055,,4.010000228881836,50.70000076293945,31.459999084472656,,146.5500030517578,297.0039978027344,
2020-08-06,113.50167846679688,57.7400016784668,84.87000274658203,54.150001525878906,103.20999908447266,14.90999984741211,12.175000190734863,20.440000534057617,16.90999984741211,92.94000244140625,110.30000305175781,8.82699966430664,141.6199951171875,2.559999942779541,10.079999923706055,120.05999755859375,14.4399995803833,14.4399995803833,17.100000381469727,10.699999809265137,68.69999694824219,41.349998474121094,2.2300000190734863,19.989999771118164,2.3399999141693115,,10.729999542236328,,4.25,50.0,31.5,,154.0,297.9159851074219,
2020-08-07,110.92113494873047,56.18000030517578,82.48999786376953,53.31999969482422,100.37999725341797,14.75,11.850000381469727,20.0,17.489999771118164,89.80999755859375,101.75,8.619999885559082,141.6199951171875,2.680000066757202,10.199999809265137,108.88999938964844,13.0600004196167,14.350000381469727,19.260000228881836,10.699999809265137,66.83999633789062,40.060001373291016,2.180000066757202,19.829999923706055,2.240000009536743,,11.279999732971191,,3.7699999809265137,50.70000076293945,36.25,,147.22000122070312,290.5419921875,
2020-08-10,112.53335571289062,58.349998474121094,83.47000122070312,53.0,98.2699966430664,14.8100004196167,11.0600004196167,19.610000610351562,17.5,90.7699966430664,97.0,9.050000190734863,139.25,2.869999885559082,10.0,106.0,13.6899995803833,14.989999771118164,19.75,10.640000343322754,67.41000366210938,36.9900016784668,2.1600000858306885,20.420000076293945,2.2699999809265137,,12.039999961853027,,4.130000114440918,53.310001373291016,36.02000045776367,,139.33999633789062,283.7139892578125,
2020-08-11,109.1866226196289,56.25,81.58000183105469,52.380001068115234,96.0999984741211,13.819999694824219,10.069999694824219,19.229999542236328,17.219999313354492,89.44999694824219,98.16000366210938,8.670000076293945,143.64999389648438,2.680000066757202,11.199999809265137,104.87000274658203,12.550000190734863,14.470000267028809,16.3700008392334,10.75,62.75,37.810001373291016,2.0,19.56999969482422,2.2300000190734863,,11.3100004196167,,3.619999885559082,51.369998931884766,35.25,,138.25,274.87799072265625,
2020-08-12,112.81536865234375,57.90999984741211,83.94999694824219,53.4900016784668,98.4000015258789,14.399999618530273,11.460000038146973,19.100000381469727,16.799999237060547,91.30999755859375,98.44999694824219,8.899999618530273,143.64999389648438,2.7699999809265137,10.649999618530273,105.12999725341797,13.107000350952148,14.90999984741211,13.149999618530273,10.699999809265137,60.66999816894531,38.86000061035156,2.049999952316284,20.420000076293945,2.190000057220459,,10.630000114440918,,3.5399999618530273,50.13999938964844,35.619998931884766,,139.02000427246094,310.9519958496094,
2020-08-13,114.81192016601562,59.40999984741211,85.76000213623047,53.95000076293945,99.55999755859375,14.770000457763672,11.015000343322754,18.780000686645508,16.989999771118164,91.73999786376953,100.88999938964844,8.800000190734863,143.42999267578125,2.8299999237060547,10.989999771118164,110.0,13.109999656677246,15.449999809265137,13.75,10.710000038146973,59.2599983215332,38.849998474121094,1.909999966621399,20.510000228881836,2.1700000762939453,,11.359999656677246,,3.609999895095825,50.27000045776367,36.66999816894531,,143.19000244140625,324.20001220703125,
2020-08-14,114.70960235595703,58.560001373291016,84.72000122070312,53.849998474121094,99.02999877929688,14.369999885559082,11.055000305175781,18.81999969482422,17.1200008392334,89.5,101.25,9.020000457763672,141.1999969482422,2.7300000190734863,10.869999885559082,107.4000015258789,13.399999618530273,16.010000228881836,13.470000267028809,10.609999656677246,63.220001220703125,38.5,1.9700000286102295,19.889999389648438,2.1500000953674316,,11.399999618530273,,3.7799999713897705,50.0,36.4900016784668,,141.9600067138672,330.1419982910156,
2020-08-17,114.41011047363281,60.959999084472656,87.62999725341797,54.90999984741211,102.26000213623047,15.539999961853027,10.5600004196167,18.709999084472656,17.219999313354492,91.6500015258789,105.33999633789062,9.432999610900879,143.35000610351562,2.8399999141693115,10.34000015258789,111.16000366210938,14.75,15.84000015258789,11.979999542236328,10.539999961853027,61.47999954223633,39.91999816894531,1.8899999856948853,20.850000381469727,2.1500000953674316,,12.199999809265137,9.899999618530273,4.150000095367432,53.40999984741211,36.31999969482422,,152.47999572753906,367.12799072265625,
2020-08-18,115.36347198486328,61.7400016784668,88.58000183105469,55.25,103.47000122070312,15.899999618530273,10.229999542236328,18.34000015258789,17.959999084472656,94.91999816894531,107.0999984741211,8.847000122070312,142.5,3.059999942779541,10.5,115.93000030517578,14.390000343322754,15.100000381469727,12.010000228881836,10.380000114440918,61.790000915527344,40.060001373291016,1.8300000429153442,21.200000762939453,2.130000114440918,,12.770000457763672,9.859999656677246,4.039999961853027,52.029998779296875,36.970001220703125,,151.0399932861328,377.4179992675781,
2020-08-19,115.50821685791016,62.849998474121094,88.86000061035156,55.02000045776367,103.0999984741211,15.960000038146973,9.449999809265137,18.3700008392334,19.100000381469727,100.63999938964844,108.1500015258789,8.482999801635742,141.6269989013672,3.1700000762939453,11.300000190734863,114.02999877929688,13.710000038146973,14.65999984741211,11.229999542236328,10.350000381469727,61.70000076293945,39.290000915527344,1.8200000524520874,21.209999084472656,2.0799999237060547,,13.649999618530273,9.819999694824219,3.690000057220459,52.119998931884766,37.70000076293945,,150.3699951171875,375.70599365234375,
2020-08-20,118.07129669189453,62.459999084472656,89.4800033569336,55.380001068115234,105.2300033569336,15.0600004196167,7.940000057220459,18.139999389648438,18.520000457763672,91.76000213623047,112.48999786376953,7.9730000495910645,137.64999389648438,2.9600000381469727,10.699999809265137,121.97000122070312,14.15999984741211,14.300000190734863,10.880000114440918,10.550000190734863,59.86000061035156,40.310001373291016,1.7799999713897705,20.610000610351562,2.0199999809265137,,13.670000076293945,9.880000114440918,3.990000009536743,52.15999984741211,38.54999923706055,,155.86000061035156,400.3659973144531,
2020-08-21,124.15579986572266,62.970001220703125,89.83000183105469,55.7400016784668,105.04000091552734,16.219999313354492,6.800000190734863,18.049999237060547,18.290000915527344,90.45999908447266,112.0199966430664,7.889999866485596,137.64999389648438,2.9200000762939453,10.5,118.0,13.579999923706055,14.008000373840332,10.0,10.510000228881836,60.20000076293945,38.91999816894531,1.7599999904632568,20.280000686645508,2.0199999809265137,,12.930000305175781,9.793000221252441,3.7249999046325684,51.290000915527344,38.65999984741211,,155.10000610351562,409.9960021972656,
2020-08-24,125.64073944091797,60.689998626708984,88.45999908447266,56.349998474121094,104.62999725341797,16.489999771118164,8.069999694824219,18.31999969482422,18.34000015258789,86.58999633789062,111.24500274658203,8.359999656677246,137.64999389648438,2.7799999713897705,10.5,113.08999633789062,13.720000267028809,14.600000381469727,10.350000381469727,11.399999618530273,66.0,38.09000015258789,1.7200000286102295,20.200000762939453,2.069999933242798,,12.34000015258789,9.800000190734863,3.630000114440918,49.97999954223633,38.790000915527344,,151.7899932861328,402.8399963378906,
2020-08-25,124.61001586914062,61.060001373291016,89.5,57.54999923706055,105.58000183105469,16.049999237060547,7.739999771118164,19.049999237060547,18.360000610351562,88.91999816894531,113.56999969482422,8.579999923706055,137.64999389648438,2.880000114440918,10.0,116.95999908447266,13.0,14.449999809265137,10.609999656677246,11.390000343322754,61.0099983215332,39.029998779296875,1.7000000476837158,20.81999969482422,2.009999990463257,,12.850000381469727,9.8100004196167,3.5799999237060547,50.11000061035156,39.5099983215332,,155.0,404.6679992675781,
2020-08-26,126.30459594726562,61.310001373291016,91.4000015258789,58.66999816894531,109.26000213623047,15.84000015258789,7.369999885559082,20.049999237060547,18.459999084472656,88.91000366210938,117.11000061035156,8.100000381469727,144.14999389648438,2.940000057220459,9.899999618530273,117.77999877929688,13.390000343322754,14.190999984741211,9.680000305175781,11.130000114440918,61.130001068115234,39.900001525878906,1.7200000286102295,20.75,2.049999952316284,,13.050000190734863,9.829999923706055,3.4100000858306885,47.08000183105469,39.0099983215332,,153.74000549316406,430.6340026855469,
2020-08-27,124.7947006225586,60.279998779296875,90.7699966430664,58.11000061035156,109.0999984741211,15.819999694824219,7.070000171661377,20.079999923706055,17.93000030517578,89.41999816894531,117.12999725341797,8.279999732971191,143.25,2.950000047683716,9.75,113.83000183105469,12.890000343322754,14.640000343322754,9.0600004196167,10.949999809265137,58.38999938964844,39.72999954223633,1.6799999475479126,20.469999313354492,2.049999952316284,,12.989999771118164,9.850000381469727,3.2699999809265137,46.56999969482422,38.18000030517578,,155.61000061035156,447.75,
2020-08-28,124.5925521850586,60.880001068115234,92.36000061035156,58.81999969482422,110.30000305175781,15.989999771118164,7.300000190734863,20.420000076293945,18.15999984741211,90.70999908447266,118.63999938964844,8.633000373840332,143.25,2.990000009536743,9.75,114.29000091552734,13.199999809265137,15.25,9.510000228881836,11.119999885559082,58.18000030517578,39.650001525878906,1.690000057220459,21.34000015258789,2.049999952316284,,13.069999694824219,9.885000228881836,3.5899999141693115,49.709999084472656,39.04999923706055,,155.92999267578125,442.67999267578125,
2020-08-31,128.8177490234375,61.915000915527344,95.33000183105469,60.4900016784668,112.47000122070312,16.600000381469727,7.03000020980835,20.670000076293945,18.450000762939453,93.45999908447266,125.7300033569336,8.388999938964844,143.25,2.8399999141693115,9.800000190734863,120.6500015258789,13.529999732971191,15.25,9.1899995803833,11.010000228881836,58.70000076293945,38.2599983215332,1.649999976158142,21.579999923706055,2.009999990463257,,12.979999542236328,9.899999618530273,3.5,52.439998626708984,39.22999954223633,,159.55999755859375,498.32000732421875,
2020-09-01,133.9488983154297,61.900001525878906,97.20999908447266,61.83000183105469,115.44999694824219,16.940000534057617,7.570000171661377,22.350000381469727,18.440000534057617,93.41999816894531,143.69000244140625,8.220000267028809,143.25,2.9000000953674316,9.770000457763672,125.30999755859375,13.850000381469727,14.819000244140625,9.479999542236328,11.5,56.189998626708984,39.7400016784668,1.590000033378601,21.219999313354492,1.940000057220459,,14.130000114440918,9.949999809265137,3.75,50.689998626708984,40.56999969482422,,166.66000366210938,475.04998779296875,
2020-09-02,131.17369079589844,62.22999954223633,96.97000122070312,62.150001525878906,114.47000122070312,15.5600004196167,7.284999847412109,22.299999237060547,18.399999618530273,93.93000030517578,142.07000732421875,7.828000068664551,143.0,2.6700000762939453,9.779999732971191,117.04000091552734,13.194999694824219,14.039999961853027,9.399999618530273,11.9399995803833,54.70000076293945,39.0,1.590000033378601,21.260000228881836,2.0399999618530273,,13.140000343322754,10.0,3.430000066757202,53.790000915527344,40.59000015258789,,162.8800048828125,447.3699951171875,
2020-09-03,120.67180633544922,58.0,89.80999755859375,58.41999816894531,106.62999725341797,13.930000305175781,6.75,21.079999923706055,17.0,85.69000244140625,129.25,7.440000057220459,143.0,2.430000066757202,9.699999809265137,116.58999633789062,12.020000457763672,13.699999809265137,8.930000305175781,11.399999618530273,50.83000183105469,36.22999954223633,1.4500000476837158,18.405000686645508,2.0,,11.550000190734863,18.739999771118164,3.1600000858306885,52.20000076293945,38.61000061035156,,152.86000061035156,407.0,
2020-09-04,120.75167083740234,56.29999923706055,87.05000305175781,57.650001525878906,104.1500015258789,13.720000267028809,6.400000095367432,20.93000030517578,16.299999237060547,82.0199966430664,125.19000244140625,7.295000076293945,135.5500030517578,2.559999942779541,9.359999656677246,111.27999877929688,12.010000228881836,13.800000190734863,8.470000267028809,11.899999618530273,47.27000045776367,34.77000045776367,1.3799999952316284,18.1200008392334,1.9600000381469727,,11.760000228881836,22.5,3.109999895095825,51.65999984741211,38.34000015258789,,146.38999938964844,418.32000732421875,
2020-09-08,112.62569427490234,55.220001220703125,83.0999984741211,55.279998779296875,99.25,13.949999809265137,6.460000038146973,20.81999969482422,15.960000038146973,81.45999908447266,125.62999725341797,7.179999828338623,135.29299926757812,2.5199999809265137,9.199999809265137,107.45999908447266,11.109999656677246,13.449999809265137,8.260000228881836,11.880000114440918,47.18000030517578,32.939998626708984,1.409999966621399,17.469999313354492,1.8899999856948853,,11.729999542236328,20.1299991607666,2.819999933242798,51.029998779296875,37.41999816894531,,139.11000061035156,330.2099914550781,
2020-09-09,117.1179428100586,57.36000061035156,86.58000183105469,58.0099983215332,102.13999938964844,14.319999694824219,6.630000114440918,20.729999542236328,16.75,85.25,128.17999267578125,7.215000152587891,140.10000610351562,2.630000114440918,9.149999618530273,118.80999755859375,11.557999610900879,13.600000381469727,8.710000038146973,12.270000457763672,50.18000030517578,34.0099983215332,1.409999966621399,18.81999969482422,1.9500000476837158,,12.130000114440918,18.5,2.950000047683716,51.599998474121094,38.20000076293945,,144.2100067138672,366.2799987792969,
2020-09-10,113.29454040527344,57.04999923706055,85.83999633789062,57.20000076293945,100.8499984741211,14.079999923706055,6.400000095367432,20.75,17.15999984741211,81.80000305175781,129.35000610351562,7.130000114440918,138.75,2.1700000762939453,9.0,124.55000305175781,11.369999885559082,13.25,8.420000076293945,12.470000267028809,52.400001525878906,33.58000183105469,1.5399999618530273,18.940000534057617,1.9299999475479126,,12.119999885559082,18.25,2.809999942779541,54.25,37.779998779296875,,141.07000732421875,371.3399963378906,
2020-09-11,111.8071060180664,57.15999984741211,85.3499984741211,57.099998474121094,100.01000213623047,13.800000190734863,6.059999942779541,22.200000762939453,17.450000762939453,79.9800033569336,126.27999877929688,7.119999885559082,137.89100646972656,2.1700000762939453,9.09000015258789,124.45999908447266,11.220000267028809,13.859999656677246,8.239999771118164,12.579999923706055,50.119998931884766,34.16999816894531,1.5199999809265137,19.260000228881836,1.9299999475479126,,11.710000038146973,17.6299991607666,2.9100000858306885,55.72999954223633,36.90999984741211,,137.4499969482422,372.7200012207031,
2020-09-14,115.16131591796875,60.369998931884766,89.08999633789062,58.529998779296875,103.08999633789062,14.430000305175781,6.699999809265137,22.25,19.110000610351562,84.70999908447266,128.5,6.855000019073486,136.197998046875,2.259999990463257,9.300000190734863,126.69999694824219,11.859999656677246,13.555999755859375,8.199999809265137,13.100000381469727,48.709999084472656,34.83000183105469,1.6699999570846558,20.915000915527344,1.9600000381469727,,12.239999771118164,18.799999237060547,3.0199999809265137,57.310001373291016,38.27000045776367,,144.39999389648438,419.6199951171875,
2020-09-15,115.34101104736328,61.52000045776367,91.83000183105469,59.369998931884766,105.77999877929688,15.25,6.690000057220459,25.049999237060547,20.18000030517578,84.93000030517578,131.4499969482422,6.929999828338623,136.197998046875,2.4200000762939453,9.979999542236328,126.91000366210938,11.949999809265137,13.42300033569336,7.829999923706055,13.470000267028809,47.150001525878906,36.16999816894531,1.600000023841858,22.270000457763672,2.0299999713897705,,12.529999732971191,18.350000381469727,3.0,58.52000045776367,38.18000030517578,,154.5,449.760009765625,
2020-09-16,111.93688201904297,62.25,91.63999938964844,58.9900016784668,105.04000091552734,15.609999656677246,6.699999809265137,26.350000381469727,20.270000457763672,85.62999725341797,131.14999389648438,7.239999771118164,138.6999969482422,2.5,9.859999656677246,127.33000183105469,12.0600004196167,13.819999694824219,8.289999961853027,12.670000076293945,48.650001525878906,35.900001525878906,1.5199999809265137,22.969999313354492,2.0399999618530273,,12.9399995803833,18.65999984741211,3.049999952316284,59.13999938964844,38.130001068115234,253.92999267578125,151.0500030517578,441.760009765625,
2020-09-17,110.14996337890625,61.65999984741211,89.30000305175781,57.45000076293945,103.05000305175781,15.710000038146973,7.610000133514404,28.170000076293945,20.350000381469727,85.13999938964844,128.5800018310547,7.260000228881836,138.30999755859375,2.4600000381469727,9.800000190734863,123.48999786376953,11.930000305175781,14.149999618530273,8.09000015258789,12.5,51.880001068115234,36.099998474121094,1.5399999618530273,22.450000762939453,1.9800000190734863,,12.84000015258789,17.8799991607666,3.0,60.099998474121094,37.63999938964844,227.5399932861328,145.63999938964844,423.42999267578125,
2020-09-18,106.65599060058594,63.08000183105469,89.87999725341797,57.18000030517578,103.13999938964844,15.90999984741211,8.390000343322754,28.170000076293945,20.84000015258789,85.9000015258789,131.42999267578125,7.050000190734863,137.2050018310547,2.619999885559082,9.600000381469727,123.43000030517578,11.739999771118164,14.100000381469727,7.71999979019165,12.119999885559082,55.2400016784668,37.099998474121094,1.5800000429153442,23.510000228881836,2.049999952316284,,13.5600004196167,17.850000381469727,3.049999952316284,62.45000076293945,37.52000045776367,240.0,145.00999450683594,442.1499938964844,
2020-09-21,109.89041137695312,61.52000045776367,90.58000183105469,56.43000030517578,105.33000183105469,16.329999923706055,7.949999809265137,26.260000228881836,19.420000076293945,85.12999725341797,138.1300048828125,7.239999771118164,135.4980010986328,2.5899999141693115,9.600000381469727,126.5199966430664,11.140000343322754,13.505000114440918,7.880000114440918,12.199999809265137,52.93000030517578,38.959999084472656,1.5299999713897705,22.25,2.0399999618530273,,13.359999656677246,18.350000381469727,2.930000066757202,59.880001068115234,37.630001068115234,228.85000610351562,151.1199951171875,449.3900146484375,
2020-09-22,111.617431640625,62.56999969482422,91.70999908447266,56.130001068115234,106.97000122070312,16.0,9.010000228881836,28.049999237060547,19.100000381469727,88.80999755859375,142.67999267578125,7.232999801635742,135.5,2.4700000286102295,9.350000381469727,133.07000732421875,11.270000457763672,13.555000305175781,8.270000457763672,11.869999885559082,54.06999969482422,39.869998931884766,1.5099999904632568,22.579999923706055,2.0,,12.930000305175781,18.989999771118164,2.930000066757202,61.849998474121094,38.2400016784668,235.16000366210938,155.58999633789062,424.2300109863281,
2020-09-23,106.93550872802734,60.06999969482422,87.94999694824219,54.13999938964844,103.13999938964844,14.960000038146973,7.71999979019165,27.6299991607666,18.790000915527344,84.69000244140625,138.60000610351562,7.190000057220459,135.5,2.2300000190734863,9.199999809265137,133.5,10.609999656677246,12.90999984741211,7.260000228881836,11.699999809265137,49.869998931884766,39.97999954223633,1.4299999475479126,21.079999923706055,1.7999999523162842,,12.079999923706055,16.739999771118164,2.5999999046325684,60.0,37.18000030517578,217.38999938964844,149.58999633789062,380.3599853515625,
2020-09-24,108.03361511230469,60.119998931884766,87.9000015258789,54.06999969482422,103.0,14.220000267028809,7.699999809265137,27.1299991607666,17.350000381469727,83.30999755859375,133.89999389648438,6.861999988555908,136.32000732421875,2.2799999713897705,8.850000381469727,125.87999725341797,11.170000076293945,12.32800006866455,7.349999904632568,11.399999618530273,47.97999954223633,38.52000045776367,1.7799999713897705,20.81999969482422,1.7699999809265137,,11.239999771118164,16.0,2.690000057220459,58.900001525878906,37.08000183105469,226.74000549316406,152.30999755859375,387.7900085449219,
2020-09-25,112.08662414550781,62.349998474121094,90.75,55.4900016784668,106.0,14.260000228881836,8.520000457763672,26.65999984741211,17.850000381469727,84.08999633789062,136.38999938964844,7.110000133514404,138.03799438476562,2.2899999618530273,9.350000381469727,135.39999389648438,11.229999542236328,12.359999656677246,7.769999980926514,11.390000343322754,50.93000030517578,40.040000915527344,1.5499999523162842,21.280000686645508,1.7300000190734863,,11.649999618530273,17.149999618530273,2.680000066757202,60.81999969482422,37.56999969482422,229.0,157.72000122070312,407.3399963378906,
2020-09-28,114.76200866699219,63.150001525878906,91.72000122070312,57.04999923706055,107.83999633789062,14.920000076293945,9.140000343322754,27.350000381469727,18.5,83.69000244140625,137.42999267578125,7.130000114440918,139.8000030517578,2.430000066757202,9.170000076293945,142.66000366210938,11.15999984741211,12.670000076293945,7.760000228881836,11.680000305175781,51.25,40.880001068115234,1.5800000429153442,21.219999313354492,1.7400000095367432,,13.199999809265137,17.860000610351562,2.740000009536743,59.88999938964844,38.4900016784668,250.41000366210938,160.75999450683594,421.20001220703125,
2020-09-29,113.89350128173828,64.23999786376953,92.7699966430664,57.290000915527344,108.19000244140625,15.100000381469727,9.989999771118164,28.43000030517578,18.559999465942383,84.98999786376953,136.35000610351562,7.103000164031982,138.7429962158203,2.559999942779541,9.300000190734863,141.3800048828125,11.029999732971191,12.890000343322754,8.149999618530273,11.899999618530273,49.61000061035156,40.66999816894531,2.130000114440918,21.610000610351562,1.7300000190734863,,13.15999984741211,16.899999618530273,2.759999990463257,59.66999816894531,38.439998626708984,259.1300048828125,164.80999755859375,419.07000732421875,
2020-09-30,115.61054229736328,63.709999084472656,92.0,57.38999938964844,108.5999984741211,15.100000381469727,10.3100004196167,32.25,18.5,83.63999938964844,137.32000732421875,7.26800012588501,140.14999389648438,2.140000104904175,9.0,138.97999572753906,10.970000267028809,12.954999923706055,7.989999771118164,11.420000076293945,49.720001220703125,41.060001373291016,2.859999895095825,19.8799991607666,1.7699999809265137,9.5,13.40999984741211,16.75,2.700000047683716,61.119998931884766,39.56999969482422,251.0,162.5500030517578,429.010009765625,18.690000534057617
2020-10-01,116.58885955810547,64.76000213623047,94.54000091552734,58.34000015258789,112.05999755859375,16.450000762939453,10.670000076293945,33.2400016784668,18.43000030517578,83.33999633789062,142.8699951171875,7.171000003814697,146.0,2.0999999046325684,10.720000267028809,149.77000427246094,10.869999885559082,12.930000305175781,8.079999923706055,10.850000381469727,51.459999084472656,42.029998779296875,2.4000000953674316,20.09000015258789,1.8300000429153442,9.460000038146973,14.0,16.649999618530273,2.6500000953674316,59.529998779296875,45.58000183105469,243.4600067138672,168.49000549316406,448.1600036621094,16.770000457763672
2020-10-02,112.82534790039062,63.38999938964844,92.31999969482422,57.36000061035156,110.05999755859375,16.030000686645508,10.859999656677246,32.15999984741211,17.270000457763672,79.66999816894531,139.8699951171875,7.130000114440918,147.25,2.0199999809265137,12.09000015258789,153.00999450683594,10.859999656677246,12.970000267028809,8.079999923706055,10.880000114440918,51.58000183105469,41.75,2.359999895095825,18.829999923706055,1.8200000524520874,9.199999809265137,14.140000343322754,15.930000305175781,2.5999999046325684,58.40999984741211,45.11000061035156,227.10000610351562,169.61000061035156,415.0899963378906,17.079999923706055
2020-10-05,116.29935455322266,67.25,95.88999938964844,58.75600051879883,112.56999969482422,17.540000915527344,11.109999656677246,32.36000061035156,18.059999465942383,86.75,144.8800048828125,7.179999828338623,150.5260009765625,1.8899999856948853,13.5,157.9199981689453,11.279999732971191,13.329999923706055,8.140000343322754,10.779999732971191,54.0,42.86000061035156,2.3499999046325684,20.770000457763672,2.049999952316284,9.029999732971191,15.739999771118164,14.949999809265137,2.6600000858306885,60.150001525878906,45.4900016784668,240.0,180.9199981689453,425.67999267578125,16.229999542236328
2020-10-06,112.9651107788086,67.27999877929688,95.66999816894531,58.540000915527344,111.83000183105469,17.389999389648438,10.800000190734863,31.360000610351562,18.110000610351562,87.72000122070312,145.1300048828125,7.059999942779541,152.75,1.9199999570846558,12.925000190734863,154.36000061035156,10.845000267028809,13.307999610900879,7.920000076293945,10.550000190734863,52.439998626708984,42.22999954223633,2.2100000381469727,21.010000228881836,2.0199999809265137,9.899999618530273,16.229999542236328,13.699999809265137,2.569999933242798,64.12000274658203,45.93000030517578,245.10000610351562,175.33999633789062,413.9800109863281,17.399999618530273
2020-10-07,114.88180541992188,70.18000030517578,99.20999908447266,60.150001525878906,114.37000274658203,18.360000610351562,10.319999694824219,31.780000686645508,18.43000030517578,97.68000030517578,144.57000732421875,7.300000190734863,155.0,2.1600000858306885,12.199999809265137,152.5500030517578,10.970000267028809,13.760000228881836,8.529999732971191,10.539999961853027,53.599998474121094,43.380001068115234,2.359999895095825,23.780000686645508,2.0199999809265137,10.0,18.229999542236328,13.720000267028809,2.6600000858306885,65.54000091552734,46.2599983215332,246.0,180.17999267578125,425.29998779296875,16.90999984741211
2020-10-08,114.77198791503906,71.75,100.56999969482422,60.619998931884766,115.91999816894531,17.649999618530273,9.640000343322754,33.279998779296875,19.3799991607666,95.38999938964844,142.97000122070312,8.064000129699707,156.8300018310547,2.380000114440918,10.260000228881836,155.24000549316406,11.859999656677246,15.107000350952148,10.520000457763672,10.5,60.099998474121094,43.40999984741211,2.390000104904175,22.940000534057617,2.0199999809265137,10.0,17.8799991607666,14.100000381469727,2.930000066757202,67.52999877929688,44.790000915527344,240.19000244140625,183.5,425.9200134277344,16.700000762939453
2020-10-09,116.76854705810547,73.80999755859375,102.76000213623047,62.459999084472656,117.83999633789062,18.81999969482422,9.760000228881836,32.52000045776367,20.059999465942383,98.26000213623047,143.57000732421875,8.550000190734863,161.5,2.619999885559082,10.069999694824219,161.5500030517578,11.770000457763672,15.319999694824219,10.359999656677246,10.550000190734863,67.80999755859375,46.349998474121094,2.619999885559082,26.309999465942383,2.0299999713897705,9.949999809265137,18.43000030517578,14.75,3.0950000286102295,64.41000366210938,44.599998474121094,238.0,187.27999877929688,434.0,16.920000076293945
2020-10-12,124.18575286865234,73.29000091552734,102.33000183105469,63.02000045776367,118.94999694824219,18.479999542236328,9.170000076293945,33.279998779296875,20.239999771118164,99.4000015258789,145.9600067138672,8.869999885559082,167.08999633789062,2.5399999618530273,9.859999656677246,166.10000610351562,12.664999961853027,15.84000015258789,12.260000228881836,10.630000114440918,66.16999816894531,57.0099983215332,3.059999942779541,23.90999984741211,2.059999942779541,9.890000343322754,17.639999389648438,15.699999809265137,3.5,61.650001525878906,45.060001373291016,243.97000122070312,185.1699981689453,442.29998779296875,17.829999923706055
2020-10-13,120.89143371582031,75.02999877929688,104.83000183105469,62.900001525878906,121.22000122070312,18.719999313354492,9.25,33.599998474121094,20.8799991607666,103.05999755859375,152.8000030517578,8.930000305175781,167.08999633789062,2.4800000190734863,9.710000038146973,177.0,12.380000114440918,15.850000381469727,12.359999656677246,10.569999694824219,66.7300033569336,59.72999954223633,2.990000009536743,24.610000610351562,1.9199999570846558,9.470000267028809,17.100000381469727,15.100000381469727,3.369999885559082,63.93000030517578,47.810001373291016,249.61000061035156,190.47000122070312,446.6499938964844,17.270000457763672
2020-10-14,120.98127746582031,73.33000183105469,103.7699966430664,63.599998474121094,120.37000274658203,18.860000610351562,9.989999771118164,34.5,21.920000076293945,101.37000274658203,147.7899932861328,8.75,166.86599731445312,2.430000066757202,9.319999694824219,175.35000610351562,12.199999809265137,15.657999992370605,12.869999885559082,10.600000381469727,68.0,61.5,3.6500000953674316,24.709999084472656,1.909999966621399,9.34000015258789,17.299999237060547,14.5,3.2799999713897705,63.88999938964844,47.02000045776367,243.17999267578125,187.49000549316406,461.29998779296875,16.959999084472656
2020-10-15,120.50210571289062,72.91999816894531,102.83000183105469,63.16999816894531,119.18000030517578,18.510000228881836,9.350000381469727,35.060001373291016,19.31999969482422,99.88999938964844,145.36000061035156,8.772000312805176,164.4429931640625,2.440000057220459,10.789999961853027,171.6699981689453,12.449999809265137,15.512999534606934,12.90999984741211,10.510000228881836,62.40999984741211,58.779998779296875,4.480000019073486,24.25,1.8600000143051147,9.90999984741211,17.030000686645508,14.649999618530273,3.4000000953674316,66.38999938964844,46.060001373291016,241.0,188.60000610351562,448.8800048828125,16.81999969482422
2020-10-16,118.81501007080078,73.68000030517578,102.76000213623047,62.779998779296875,118.30999755859375,17.889999389648438,9.770000457763672,33.560001373291016,19.68000030517578,109.83000183105469,145.33999633789062,8.75,163.52499389648438,2.3299999237060547,12.010000228881836,173.3800048828125,12.430000305175781,15.880000114440918,15.220000267028809,10.569999694824219,58.9900016784668,58.290000915527344,4.909999847412109,26.110000610351562,1.8600000143051147,9.710000038146973,16.270000457763672,14.479999542236328,3.109999895095825,69.08999633789062,44.86000061035156,242.52000427246094,186.35000610351562,439.6700134277344,16.5
2020-10-19,115.7802505493164,73.2699966430664,102.25,62.0099983215332,117.98999786376953,17.290000915527344,9.220000267028809,32.65999984741211,18.559999465942383,107.72000122070312,144.66000366210938,9.074000358581543,160.906005859375,2.319999933242798,11.970000267028809,179.24000549316406,12.829999923706055,15.84000015258789,15.319999694824219,10.399999618530273,58.95000076293945,58.27000045776367,4.380000114440918,25.770000457763672,1.850000023841858,9.569999694824219,16.389999389648438,14.539999961853027,3.299999952316284,69.72000122070312,46.11000061035156,246.77999877929688,186.9600067138672,430.8299865722656,15.34000015258789
2020-10-20,117.3076171875,71.37000274658203,100.83000183105469,62.13999938964844,117.33999633789062,16.799999237060547,9.229999542236328,35.79999923706055,18.079999923706055,106.69999694824219,142.63999938964844,9.569999694824219,159.75,2.299999952316284,12.199999809265137,177.0,13.305000305175781,16.209999084472656,15.369999885559082,10.329999923706055,58.58000183105469,57.060001373291016,3.740000009536743,24.350000381469727,1.8799999952316284,9.270000457763672,16.290000915527344,15.100000381469727,3.5399999618530273,70.06999969482422,45.40999984741211,251.77000427246094,185.74000549316406,421.94000244140625,14.390000343322754
2020-10-21,116.6687240600586,67.7300033569336,97.94999694824219,61.90999984741211,117.51000213623047,15.710000038146973,8.569999694824219,35.9900016784668,17.079999923706055,92.22000122070312,135.13999938964844,9.819999694824219,157.1999969482422,2.180000066757202,12.199999809265137,160.5399932861328,14.295000076293945,16.350000381469727,15.539999961853027,10.300000190734863,57.97999954223633,54.97999954223633,3.7799999713897705,23.489999771118164,1.940000057220459,9.199999809265137,14.859999656677246,14.1899995803833,3.9800000190734863,67.25,43.83000183105469,270.6099853515625,177.82000732421875,422.6400146484375,13.3100004196167
2020-10-22,115.55064392089844,69.29000091552734,98.58000183105469,62.290000915527344,117.33999633789062,16.049999237060547,8.609999656677246,37.970001220703125,17.850000381469727,90.16000366210938,134.5399932861328,9.75,156.4499969482422,2.259999990463257,12.399999618530273,159.22000122070312,14.625,16.6299991607666,16.489999771118164,10.210000038146973,52.529998779296875,55.810001373291016,4.139999866485596,24.809999465942383,1.909999966621399,9.680000305175781,14.960000038146973,13.75,4.054999828338623,70.81999969482422,45.18000030517578,297.0899963378906,175.92999267578125,425.7900085449219,13.34000015258789
2020-10-23,114.84187316894531,70.11000061035156,99.18000030517578,62.41999816894531,118.54000091552734,16.0,8.600000381469727,35.7599983215332,19.40999984741211,92.6500015258789,135.4199981689453,9.668000221252441,156.4499969482422,2.380000114440918,13.489999771118164,158.88999938964844,14.380000114440918,16.59000015258789,17.8700008392334,10.210000038146973,51.09000015258789,55.81999969482422,3.9800000190734863,24.8799991607666,1.899999976158142,9.489999771118164,15.029999732971191,13.869999885559082,3.9100000858306885,71.51000213623047,45.52000045776367,265.04998779296875,176.77000427246094,420.6300048828125,13.180000305175781
2020-10-26,114.85185241699219,69.11000061035156,97.19999694824219,60.33000183105469,116.22000122070312,15.199999809265137,8.0,34.619998931884766,17.780000686645508,94.12999725341797,133.0800018310547,9.020000457763672,156.5500030517578,2.25,13.729999542236328,155.25,14.380000114440918,16.091999053955078,18.030000686645508,10.140000343322754,51.189998626708984,54.75,3.130000114440918,24.5,1.8300000429153442,9.949999809265137,14.460000038146973,12.920000076293945,3.8499999046325684,68.5,45.630001068115234,251.38999938964844,169.88999938964844,420.2799987792969,13.989999771118164
2020-10-27,116.39917755126953,71.05000305175781,98.62999725341797,60.4900016784668,118.19000244140625,15.1899995803833,8.039999961853027,36.75,17.440000534057617,98.12000274658203,133.47999572753906,9.050000190734863,156.5500030517578,2.2200000286102295,13.800000190734863,148.58999633789062,15.670000076293945,15.812999725341797,17.709999084472656,10.130000114440918,50.72999954223633,55.97999954223633,3.25,25.440000534057617,1.809999942779541,10.949999809265137,14.789999961853027,12.399999618530273,4.019999980926514,70.80000305175781,45.880001068115234,266.7699890136719,171.02000427246094,424.67999267578125,13.960000038146973
2020-10-28,111.00847625732422,68.3499984741211,94.75,57.93000030517578,114.61000061035156,14.4399995803833,7.460000038146973,36.91999816894531,16.670000076293945,94.70999908447266,131.57000732421875,8.59000015258789,149.8699951171875,2.140000104904175,13.729999542236328,160.0800018310547,14.90999984741211,15.0,17.65999984741211,10.079999923706055,49.130001068115234,54.7599983215332,3.0299999713897705,24.399999618530273,1.7300000190734863,10.850000381469727,14.800000190734863,11.59000015258789,3.5,71.8499984741211,44.540000915527344,272.44000244140625,167.1300048828125,406.0199890136719,12.8100004196167
2020-10-29,115.12138366699219,68.54000091552734,95.98999786376953,59.19499969482422,117.0,14.779999732971191,8.029999732971191,41.5,16.360000610351562,96.3499984741211,127.36000061035156,9.279999732971191,154.60000610351562,2.1600000858306885,13.640000343322754,153.3699951171875,15.260000228881836,15.670000076293945,17.270000457763672,10.09000015258789,46.900001525878906,54.0,2.9000000953674316,24.950000762939453,1.7799999713897705,10.75,14.8100004196167,12.0,3.549999952316284,73.91000366210938,42.900001525878906,265.8800048828125,169.86000061035156,410.8299865722656,13.170000076293945
2020-10-30,108.67251586914062,65.73999786376953,90.79000091552734,57.7400016784668,110.80999755859375,14.770000457763672,7.760000228881836,40.689998626708984,15.90999984741211,91.81999969482422,123.83999633789062,9.385000228881836,154.60000610351562,2.0,13.489999771118164,146.4199981689453,15.380000114440918,15.739999771118164,14.960000038146973,10.199999809265137,50.290000915527344,51.970001220703125,3.0399999618530273,23.940000534057617,1.7999999523162842,10.130000114440918,14.0,11.800000190734863,3.2699999809265137,73.37999725341797,41.5099983215332,250.02000427246094,154.8800048828125,388.0400085449219,12.229999542236328
2020-11-02,108.5826644897461,65.5,90.80000305175781,58.540000915527344,111.19000244140625,15.350000381469727,8.210000038146973,44.63999938964844,15.869999885559082,86.16000366210938,124.47000122070312,10.043000221252441,160.52999877929688,2.1500000953674316,13.800000190734863,151.3699951171875,15.510000228881836,16.700000762939453,16.049999237060547,10.149999618530273,52.959999084472656,52.04999923706055,2.950000047683716,24.31999969482422,1.7599999904632568,10.539999961853027,15.470000267028809,12.010000228881836,3.2899999618530273,71.68000030517578,41.95000076293945,252.22999572753906,155.22999572753906,400.510009765625,12.260000228881836
2020-11-03,110.24979400634766,67.08000183105469,93.16000366210938,60.36000061035156,113.2300033569336,16.350000381469727,9.149999618530273,44.459999084472656,15.890000343322754,86.81999969482422,126.86000061035156,9.899999618530273,161.13600158691406,2.319999933242798,14.930000305175781,157.7100067138672,15.420000076293945,17.040000915527344,17.260000228881836,10.180000305175781,58.400001525878906,53.04999923706055,3.0199999809265137,25.270000457763672,1.75,10.5,16.950000762939453,13.0,3.5,74.2300033569336,42.779998779296875,262.1300048828125,158.2100067138672,423.8999938964844,12.8100004196167
2020-11-04,114.75202178955078,69.95999908447266,97.51000213623047,61.47600173950195,118.7699966430664,15.829999923706055,8.930000305175781,45.86000061035156,16.5,95.51000213623047,136.32000732421875,9.75,165.6009979248047,2.2300000190734863,14.279999732971191,159.41000366210938,15.869999885559082,17.940000534057617,17.639999389648438,10.199999809265137,59.70000076293945,56.119998931884766,2.940000057220459,27.170000076293945,1.8799999952316284,10.720000267028809,16.610000610351562,12.930000305175781,3.549999952316284,78.55000305175781,46.0099983215332,263.9100036621094,171.2899932861328,420.9800109863281,12.859999656677246
2020-11-05,118.82499694824219,73.06999969482422,100.81999969482422,63.599998474121094,121.94000244140625,16.670000076293945,9.6899995803833,51.7599983215332,18.1299991607666,103.33999633789062,138.9199981689453,10.100000381469727,169.8000030517578,2.4800000190734863,14.779999732971191,175.5399932861328,17.270000457763672,18.844999313354492,19.34000015258789,10.239999771118164,63.95000076293945,58.0,3.7699999809265137,28.479999542236328,1.9199999570846558,11.880000114440918,18.84000015258789,12.949999809265137,3.75,78.11000061035156,47.34000015258789,263.2099914550781,175.22999572753906,438.0899963378906,14.9399995803833
2020-11-06,118.69000244140625,72.79000091552734,102.08000183105469,63.400001525878906,125.16000366210938,15.59000015258789,9.949999809265137,51.06999969482422,17.059999465942383,102.66000366210938,141.7899932861328,10.84000015258789,169.8000030517578,2.390000104904175,14.920000076293945,189.0,17.540000915527344,19.5,18.950000762939453,10.279999732971191,61.369998931884766,64.47000122070312,3.9800000190734863,28.059999465942383,1.909999966621399,13.829999923706055,18.860000610351562,14.149999618530273,3.6500000953674316,78.05999755859375,45.41999816894531,265.0,198.0800018310547,429.95001220703125,13.869999885559082
2020-11-09,116.31999969482422,69.94999694824219,97.43000030517578,62.720001220703125,117.48999786376953,16.15999984741211,9.279999732971191,50.70000076293945,17.899999618530273,99.6500015258789,126.55000305175781,10.899999618530273,169.66000366210938,2.5199999809265137,14.649999618530273,154.07000732421875,17.09000015258789,19.902000427246094,16.0,10.15999984741211,65.62000274658203,64.56999969482422,4.320000171661377,28.729999542236328,2.049999952316284,14.670000076293945,20.309999465942383,14.149999618530273,3.5,77.83000183105469,41.290000915527344,239.83999633789062,184.0800018310547,421.260009765625,13.039999961853027
2020-11-10,115.97000122070312,69.33000183105469,94.76000213623047,61.310001373291016,113.0,15.069999694824219,9.489999771118164,45.38999938964844,16.979999542236328,98.69999694824219,123.5,10.6850004196167,170.875,2.430000066757202,15.649999618530273,136.5800018310547,16.510000228881836,20.343000411987305,12.90999984741211,10.1899995803833,65.91999816894531,61.2400016784668,4.119999885559082,29.510000228881836,2.0999999046325684,14.0,20.010000228881836,14.130000114440918,3.450000047683716,79.54000091552734,41.9900016784668,235.67999267578125,172.0,410.3599853515625,12.859999656677246
2020-11-11,119.48999786376953,73.0999984741211,98.7300033569336,62.2400016784668,117.62000274658203,16.15999984741211,10.210000038146973,43.02000045776367,17.610000610351562,100.63999938964844,130.9600067138672,10.494999885559082,176.57000732421875,2.690000057220459,16.030000686645508,160.6999969482422,17.524999618530273,20.309999465942383,12.960000038146973,10.170000076293945,57.900001525878906,65.45999908447266,3.9600000381469727,29.6299991607666,2.0999999046325684,15.960000038146973,23.0,14.140000343322754,3.5999999046325684,78.2699966430664,43.5099983215332,240.75999450683594,183.4199981689453,417.1300048828125,13.65999984741211
2020-11-12,119.20999908447266,73.27999877929688,98.88999938964844,62.290000915527344,118.08000183105469,16.020000457763672,10.4399995803833,47.209999084472656,17.989999771118164,101.7699966430664,137.3000030517578,10.489999771118164,178.61000061035156,2.559999942779541,15.420000076293945,165.10000610351562,18.239999771118164,20.280000686645508,13.569999694824219,10.140000343322754,56.0,64.1500015258789,3.5799999237060547,29.709999084472656,2.130000114440918,14.579999923706055,23.450000762939453,14.300000190734863,3.700000047683716,78.0,43.880001068115234,235.3800048828125,178.50999450683594,411.760009765625,13.510000228881836
2020-11-13,119.26000213623047,74.08999633789062,99.4000015258789,63.099998474121094,118.37999725341797,16.18000030517578,9.699999809265137,47.150001525878906,19.1200008392334,103.95999908447266,132.17999267578125,10.819999694824219,177.22000122070312,2.8499999046325684,15.319999694824219,173.3000030517578,17.959999084472656,20.5,14.6899995803833,10.15999984741211,59.869998931884766,63.77000045776367,3.680000066757202,33.22999954223633,2.119999885559082,15.800000190734863,23.43000030517578,19.5,3.9800000190734863,79.5199966430664,43.529998779296875,234.8000030517578,177.19000244140625,408.5,14.510000228881836
2020-11-16,120.30000305175781,73.68000030517578,99.54000091552734,63.630001068115234,118.44999694824219,17.020000457763672,12.1899995803833,46.790000915527344,20.059999465942383,106.76000213623047,131.5800018310547,10.859999656677246,175.10000610351562,3.75,18.59000015258789,178.0,18.860000610351562,20.06800079345703,15.399999618530273,10.1899995803833,65.26000213623047,64.54000091552734,4.210000038146973,34.349998474121094,2.240000009536743,15.930000305175781,25.0,19.670000076293945,4.099999904632568,73.47000122070312,42.560001373291016,241.85000610351562,179.16000366210938,408.0899963378906,15.520000457763672
2020-11-17,119.38999938964844,74.4800033569336,101.2300033569336,64.16000366210938,120.4800033569336,17.280000686645508,14.149999618530273,44.38999938964844,19.700000762939453,108.56999969482422,137.77999877929688,10.800000190734863,174.9499969482422,4.119999885559082,21.65999984741211,181.97000122070312,20.15999984741211,19.889999389648438,17.219999313354492,10.199999809265137,65.26000213623047,65.95999908447266,4.46999979019165,34.84000015258789,2.309999942779541,17.850000381469727,22.979999542236328,17.200000762939453,6.085000038146973,74.25,43.06999969482422,248.02999877929688,187.89999389648438,441.6099853515625,16.25
2020-11-18,118.02999877929688,74.2699966430664,101.0199966430664,64.80000305175781,120.91000366210938,16.90999984741211,14.779999732971191,46.150001525878906,21.020000457763672,106.75,137.67999267578125,10.15999984741211,172.25,5.099999904632568,20.829999923706055,182.85000610351562,19.639999389648438,19.777999877929688,20.469999313354492,10.199999809265137,63.790000915527344,64.4800033569336,4.769999980926514,34.22999954223633,2.490000009536743,17.899999618530273,23.219999313354492,18.110000610351562,5.25,72.9000015258789,42.939998626708984,260.5400085449219,185.5399932861328,486.6400146484375,15.899999618530273
2020-11-19,118.63999938964844,75.08999633789062,103.26000213623047,65.91000366210938,124.12999725341797,18.15999984741211,18.34000015258789,45.34000015258789,22.100000381469727,109.23999786376953,143.75999450683594,9.779999732971191,177.2899932861328,5.360000133514404,22.200000762939453,179.8800048828125,20.100000381469727,19.610000610351562,24.229999542236328,10.600000381469727,62.16999816894531,65.88999938964844,5.860000133514404,32.2599983215332,2.490000009536743,18.979999542236328,23.790000915527344,20.0,6.0,74.93000030517578,44.11000061035156,264.0,191.66000366210938,499.2699890136719,16.260000228881836
2020-11-20,117.33999633789062,76.44999694824219,104.9000015258789,65.87000274658203,126.45999908447266,19.290000915527344,22.670000076293945,47.45000076293945,21.149999618530273,109.69999694824219,145.72000122070312,9.552000045776367,181.8300018310547,5.539999961853027,23.649999618530273,192.4499969482422,21.239999771118164,18.799999237060547,24.739999771118164,12.75,63.150001525878906,66.55000305175781,4.429999828338623,32.34000015258789,2.6500000953674316,18.149999618530273,24.360000610351562,20.139999389648438,5.994999885559082,76.18000030517578,43.83000183105469,266.0,195.97000122070312,489.6099853515625,16.360000610351562
2020-11-23,113.8499984741211,77.05999755859375,107.41999816894531,67.36000061035156,129.0,21.579999923706055,33.619998931884766,52.650001525878906,22.110000610351562,110.0,147.5399932861328,9.701000213623047,179.8699951171875,8.550000190734863,25.75,200.0,22.1299991607666,18.690000534057617,30.139999389648438,12.899999618530273,64.2300033569336,66.08999633789062,5.179999828338623,34.279998779296875,2.819999933242798,21.040000915527344,26.8700008392334,22.049999237060547,7.230000019073486,77.97000122070312,42.58000183105469,274.1499938964844,207.77999877929688,521.8499755859375,16.739999771118164
2020-11-24,115.16999816894531,74.72000122070312,106.13999938964844,68.45999908447266,129.2100067138672,19.989999771118164,28.1200008392334,52.15999984741211,22.559999465942383,109.98999786376953,149.4499969482422,10.3100004196167,179.8699951171875,7.670000076293945,24.850000381469727,194.74000549316406,22.360000610351562,19.540000915527344,30.399999618530273,13.600000381469727,68.98999786376953,66.69000244140625,4.989999771118164,34.810001373291016,2.7200000286102295,23.81999969482422,26.719999313354492,21.6299991607666,6.809999942779541,79.87999725341797,41.40999984741211,282.1000061035156,202.89999389648438,555.3800048828125,16.170000076293945
2020-11-25,116.02999877929688,74.7300033569336,108.4800033569336,68.93000030517578,132.72000122070312,20.270000457763672,25.280000686645508,50.2599983215332,22.420000076293945,110.0,149.9600067138672,10.880000114440918,173.7100067138672,8.84000015258789,25.260000228881836,203.2899932861328,20.864999771118164,20.399999618530273,37.61000061035156,13.59000015258789,68.22000122070312,69.98999786376953,5.730000019073486,35.86000061035156,2.690000057220459,29.049999237060547,26.15999984741211,23.5,7.079999923706055,82.69999694824219,43.22999954223633,303.0199890136719,212.9199981689453,574.0,15.520000457763672
2020-11-27,116.58999633789062,79.61000061035156,111.77999877929688,69.7300033569336,134.61000061035156,20.520000457763672,28.0,48.77000045776367,24.209999084472656,121.55000305175781,150.8300018310547,10.90999984741211,182.0,9.6899995803833,27.100000381469727,205.6999969482422,18.834999084472656,21.239999771118164,36.88999938964844,15.390000343322754,75.12999725341797,74.76000213623047,6.53000020980835,39.380001068115234,3.069999933242798,27.65999984741211,26.239999771118164,37.0,6.25,75.56999969482422,45.119998931884766,328.7900085449219,212.52000427246094,585.760009765625,16.059999465942383
2020-11-30,119.05000305175781,81.69999694824219,112.37000274658203,68.73999786376953,136.11000061035156,20.530000686645508,25.25,46.650001525878906,25.3700008392334,126.91999816894531,153.27999877929688,11.0,183.04100036621094,10.199999809265137,27.700000762939453,200.3300018310547,23.194000244140625,21.25200080871582,32.16999816894531,18.399999618530273,69.2699966430664,75.08000183105469,6.400000095367432,39.27000045776367,2.9800000190734863,27.110000610351562,26.389999389648438,47.0,8.449999809265137,74.08999633789062,46.560001373291016,325.8399963378906,210.9600067138672,567.5999755859375,15.920000076293945
2020-12-01,122.72000122070312,82.9800033569336,112.76000213623047,69.72000122070312,135.1999969482422,19.940000534057617,22.15999984741211,47.34000015258789,26.84000015258789,129.5800018310547,147.5,11.079999923706055,183.04100036621094,9.050000190734863,26.739999771118164,196.88999938964844,23.739999771118164,21.40999984741211,27.809999465942383,17.0,63.650001525878906,72.29000091552734,6.329999923706055,38.099998474121094,2.950000047683716,25.670000076293945,24.469999313354492,35.41999816894531,8.8100004196167,72.63999938964844,47.18000030517578,305.6400146484375,203.0,584.760009765625,15.119999885559082
2020-12-02,123.08000183105469,82.87000274658203,112.33999633789062,69.08999633789062,134.63999938964844,19.040000915527344,23.0,45.52000045776367,26.579999923706055,131.5399932861328,141.83999633789062,11.303000450134277,173.66000366210938,7.239999771118164,27.399999618530273,199.88999938964844,23.389999389648438,21.388999938964844,32.70000076293945,18.0,66.83000183105469,71.9000015258789,6.400000095367432,41.08000183105469,2.869999885559082,22.510000228881836,24.06999969482422,37.709999084472656,8.510000228881836,68.56999969482422,45.97999954223633,292.69000244140625,202.0,568.8200073242188,14.630000114440918
2020-12-03,122.94000244140625,86.13999938964844,114.27999877929688,69.9000015258789,136.30999755859375,18.360000610351562,22.700000762939453,44.290000915527344,29.200000762939453,140.4600067138672,161.19000244140625,11.670000076293945,173.0,7.380000114440918,26.899999618530273,207.0,24.0,20.899999618530273,33.34000015258789,22.979999542236328,80.3499984741211,74.12999725341797,7.579999923706055,42.91999816894531,2.9000000953674316,24.030000686645508,23.850000381469727,38.54999923706055,9.65999984741211,69.86000061035156,47.47999954223633,339.8900146484375,205.52999877929688,593.3800048828125,15.0
2020-12-04,122.25,89.66999816894531,117.19000244140625,71.08000183105469,139.07000732421875,19.229999542236328,23.93000030517578,45.4900016784668,29.440000534057617,147.5399932861328,167.25999450683594,12.279999732971191,169.26600646972656,7.949999809265137,27.0,204.9199981689453,23.219999313354492,21.493999481201172,31.540000915527344,31.399999618530273,85.04000091552734,77.3499984741211,7.440000057220459,43.439998626708984,2.940000057220459,23.850000381469727,24.850000381469727,42.5,10.0,71.75,47.029998779296875,387.70001220703125,208.14999389648438,599.0399780273438,15.119999885559082
2020-12-07,123.75,94.66000366210938,120.68000030517578,72.0999984741211,141.9600067138672,19.43000030517578,26.979999542236328,46.099998474121094,30.190000534057617,149.72000122070312,170.72000122070312,11.859999656677246,170.0500030517578,7.829999923706055,27.600000381469727,200.5,22.459999084472656,21.5,33.25,40.880001068115234,91.72000122070312,81.95999908447266,6.670000076293945,46.59000015258789,2.9200000762939453,28.940000534057617,24.75,44.16999816894531,10.630000114440918,72.0199966430664,47.88999938964844,388.9599914550781,212.5800018310547,641.760009765625,18.809999465942383
2020-12-08,124.37999725341797,94.66000366210938,122.16999816894531,72.48999786376953,143.66000366210938,21.139999389648438,29.360000610351562,47.209999084472656,29.979999542236328,146.47000122070312,177.47999572753906,11.6899995803833,171.69000244140625,8.779999732971191,29.0,196.91000366210938,20.959999084472656,21.5,35.5,41.79999923706055,90.5999984741211,83.55000305175781,7.099999904632568,47.2599983215332,3.0,28.59000015258789,28.739999771118164,57.900001525878906,9.869999885559082,70.8499984741211,47.84000015258789,390.0,213.00999450683594,649.8800048828125,20.84000015258789
2020-12-09,121.77999877929688,91.77999877929688,119.9800033569336,70.95999908447266,139.63999938964844,19.68000030517578,27.190000534057617,45.040000915527344,27.739999771118164,146.6300048828125,166.1699981689453,12.0,172.14999389648438,8.149999618530273,29.790000915527344,190.75999450683594,20.06999969482422,21.540000915527344,33.470001220703125,36.91999816894531,87.38999938964844,77.30999755859375,6.670000076293945,48.709999084472656,2.890000104904175,26.6299991607666,26.739999771118164,75.13999938964844,8.850000381469727,69.19000244140625,45.849998474121094,371.260009765625,207.0399932861328,604.47998046875,19.90999984741211
2020-12-10,123.23999786376953,97.45999908447266,125.19999694824219,70.87999725341797,144.05999755859375,19.65999984741211,28.84000015258789,45.75,30.219999313354492,154.25999450683594,179.99000549316406,11.9399995803833,176.10000610351562,8.25,28.899999618530273,199.69000244140625,21.469999313354492,21.6299991607666,37.810001373291016,34.16999816894531,99.69999694824219,84.05000305175781,6.440000057220459,55.86000061035156,2.9600000381469727,27.040000915527344,27.190000534057617,76.61000061035156,9.34000015258789,69.66999816894531,47.540000915527344,373.2799987792969,217.25,627.0700073242188,20.149999618530273
2020-12-11,122.41000366210938,95.86000061035156,123.87000274658203,70.43000030517578,143.77000427246094,19.030000686645508,27.239999771118164,44.310001373291016,29.510000228881836,148.41000366210938,175.9199981689453,11.9350004196167,174.77999877929688,7.880000114440918,27.579999923706055,201.38999938964844,20.610000610351562,21.739999771118164,38.130001068115234,28.1200008392334,91.58999633789062,82.41000366210938,6.139999866485596,53.2599983215332,2.9800000190734863,27.200000762939453,26.770000457763672,64.1500015258789,8.65999984741211,69.04000091552734,48.70000076293945,353.9599914550781,216.58999633789062,609.989990234375,18.329999923706055
2020-12-14,121.77999877929688,95.63999938964844,124.25,71.20999908447266,144.4199981689453,18.440000534057617,26.059999465942383,46.25,31.209999084472656,150.05999755859375,173.8000030517578,11.680000305175781,174.2760009765625,7.699999809265137,27.149999618530273,206.58999633789062,22.270000457763672,21.780000686645508,37.029998779296875,27.760000228881836,92.0,81.43000030517578,6.650000095367432,52.099998474121094,2.9700000286102295,27.239999771118164,25.700000762939453,56.099998474121094,9.140000343322754,70.68000030517578,50.02000045776367,329.1499938964844,215.86000061035156,639.8300170898438,19.100000381469727
2020-12-15,127.87999725341797,94.68000030517578,124.30000305175781,72.30000305175781,144.69000244140625,19.389999389648438,28.25,47.369998931884766,25.860000610351562,149.97000122070312,174.92999267578125,11.890000343322754,173.35000610351562,8.140000343322754,26.469999313354492,205.85000610351562,23.2549991607666,22.309999465942383,36.290000915527344,22.8700008392334,90.80000305175781,81.45999908447266,6.480000019073486,53.630001068115234,3.2200000286102295,26.43000030517578,28.469999313354492,62.20000076293945,10.180000305175781,71.87000274658203,51.529998779296875,328.6099853515625,219.99000549316406,633.25,19.440000534057617
2020-12-16,127.80999755859375,93.31999969482422,123.94999694824219,71.9800033569336,145.57000732421875,19.639999389648438,31.610000610351562,46.68000030517578,28.190000534057617,146.61000061035156,179.7899932861328,12.229999542236328,176.1179962158203,8.449999809265137,29.700000762939453,202.00999450683594,25.809999465942383,22.68000030517578,39.290000915527344,24.700000762939453,96.36000061035156,81.80999755859375,6.269999980926514,53.369998931884766,3.119999885559082,25.920000076293945,28.459999084472656,62.779998779296875,10.760000228881836,74.5199966430664,52.619998931884766,329.9700012207031,227.0800018310547,622.77001953125,20.579999923706055
2020-12-17,128.6999969482422,94.08999633789062,126.06999969482422,73.43000030517578,149.4600067138672,20.479999542236328,35.209999084472656,47.029998779296875,27.299999237060547,149.1300048828125,185.25,12.460000038146973,181.02699279785156,8.65999984741211,35.31999969482422,204.6199951171875,28.25,23.049999237060547,39.13999938964844,25.1200008392334,103.55999755859375,81.81999969482422,6.849999904632568,54.52000045776367,3.2799999713897705,27.229999542236328,30.56999969482422,67.55000305175781,10.395000457763672,76.62999725341797,53.40999984741211,325.5400085449219,230.74000549316406,655.9000244140625,20.649999618530273
2020-12-18,126.66000366210938,94.70999908447266,127.30000305175781,73.9800033569336,150.8300018310547,21.18000030517578,36.34000015258789,47.900001525878906,26.700000762939453,148.61000061035156,203.75,12.753999710083008,182.0,9.300000190734863,39.25,209.2899932861328,29.479999542236328,23.360000610351562,42.5099983215332,27.6200008392334,106.51000213623047,83.80999755859375,7.150000095367432,55.40999984741211,3.299999952316284,25.969999313354492,31.6299991607666,73.7300033569336,10.050000190734863,81.79000091552734,55.56999969482422,334.25,235.4499969482422,695.0,20.06999969482422
2020-12-21,128.22999572753906,100.44999694824219,131.33999633789062,74.69000244140625,152.02999877929688,20.790000915527344,37.619998931884766,52.31999969482422,27.6200008392334,166.83999633789062,210.64999389648438,12.300000190734863,182.42999267578125,9.380000114440918,49.47999954223633,221.8699951171875,30.829999923706055,22.993000030517578,41.7599983215332,35.150001525878906,109.06999969482422,86.20999908447266,8.40999984741211,62.72999954223633,3.200000047683716,28.510000228881836,32.369998931884766,94.9000015258789,11.039999961853027,84.0,56.7400016784668,349.8500061035156,233.5,649.8599853515625,24.68000030517578
2020-12-22,131.8800048828125,105.52999877929688,135.0500030517578,76.55000305175781,153.94000244140625,22.709999084472656,48.4900016784668,49.869998931884766,30.040000915527344,170.0800018310547,224.89999389648438,12.380000114440918,189.97999572753906,10.75,62.0,223.3800048828125,30.389999389648438,23.440000534057617,47.66999816894531,37.369998931884766,119.08000183105469,86.55999755859375,9.079999923706055,63.529998779296875,3.1600000858306885,28.040000915527344,35.689998626708984,131.6699981689453,14.645000457763672,87.80999755859375,58.849998474121094,341.1600036621094,241.5800018310547,640.3400268554688,27.3799991607666
2020-12-23,130.9600067138672,105.20999908447266,134.9600067138672,77.30000305175781,152.58999633789062,23.479999542236328,43.77000045776367,50.86000061035156,31.639999389648438,173.22999572753906,223.5,12.357000350952148,194.0,13.420000076293945,52.59000015258789,216.27999877929688,28.8799991607666,23.72800064086914,46.439998626708984,35.220001220703125,134.4499969482422,81.9000015258789,8.770000457763672,63.349998474121094,3.2699999809265137,28.690000534057617,36.13999938964844,110.79000091552734,13.90999984741211,88.68000030517578,56.58000183105469,331.6499938964844,230.67999267578125,645.97998046875,26.5
2020-12-24,131.97000122070312,103.0999984741211,133.02999877929688,76.66000366210938,151.3800048828125,23.450000762939453,49.5,48.900001525878906,30.399999618530273,168.5,221.1199951171875,12.449999809265137,200.4499969482422,12.300000190734863,44.18000030517578,211.55999755859375,27.350000381469727,24.139999389648438,43.619998931884766,33.060001373291016,125.11000061035156,84.9800033569336,8.8100004196167,62.13999938964844,3.319999933242798,27.75,35.58000183105469,114.7699966430664,13.119999885559082,89.05999755859375,56.43000030517578,323.0400085449219,228.27999877929688,661.77001953125,24.68000030517578
2020-12-28,136.69000244140625,101.62000274658203,129.8000030517578,75.88999938964844,147.8000030517578,22.860000610351562,46.900001525878906,50.849998474121094,31.170000076293945,168.92999267578125,212.5500030517578,12.479999542236328,204.06900024414062,11.550000190734863,38.939998626708984,194.14999389648438,30.450000762939453,25.288000106811523,40.36000061035156,31.049999237060547,107.66999816894531,77.5,8.149999618530273,60.869998931884766,3.3299999237060547,25.6299991607666,33.56999969482422,115.19999694824219,15.649999618530273,87.95999908447266,53.810001373291016,302.80999755859375,223.33999633789062,663.6900024414062,22.59000015258789
